pUsername,pPassword
may27001,may23001
may23002,may23002
may23003,may23003
may23004,may23004
may23005,may23005
may23006,may23006
may23007,may23007
may23008,may23008
may23009,may23009
may23010,may23010
may23011,may23011
may23012,may23012
may23013,may23013
may23014,may23014
may23015,may23015
may23016,may23016
may23017,may23017
may23018,may23018
may23019,may23019
may23020,may23020
may23021,may23021
may23022,may23022
may23023,may23023
may23024,may23024
may23025,may23025
may23026,may23026
may23027,may23027
may23028,may23028
may23029,may23029
may23030,may23030
may23031,may23031
may23032,may23032
may23033,may23033
may23034,may23034
may23035,may23035
may23036,may23036
may23037,may23037
may23038,may23038
may23039,may23039
may23040,may23040
may23041,may23041
may23042,may23042
may23043,may23043
may23044,may23044
may23045,may23045
may23046,may23046
may23047,may23047
may23048,may23048
may23049,may23049
may23050,may23050
may23051,may23051
may23052,may23052
may23053,may23053
may23054,may23054
may23055,may23055
may23056,may23056
may23057,may23057
may23058,may23058
may23059,may23059
may23060,may23060
may23061,may23061
may23062,may23062
may23063,may23063
may23064,may23064
may23065,may23065
may23066,may23066
may23067,may23067
may23068,may23068
may23069,may23069
may23070,may23070
may23071,may23071
may23072,may23072
may23073,may23073
may23074,may23074
may23075,may23075
may23076,may23076
may23077,may23077
may23078,may23078
may23079,may23079
may23080,may23080
may23081,may23081
may23082,may23082
may23083,may23083
may23084,may23084
may23085,may23085
may23086,may23086
may23087,may23087
may23088,may23088
may23089,may23089
may23090,may23090
may23091,may23091
may23092,may23092
may23093,may23093
may23094,may23094
may23095,may23095
may23096,may23096
may23097,may23097
may23098,may23098
may23099,may23099
may23100,may23100
may23101,may23101
may23102,may23102
may23103,may23103
may23104,may23104
may23105,may23105
may23106,may23106
may23107,may23107
may23108,may23108
may23109,may23109
may23110,may23110
may23111,may23111
may23112,may23112
may23113,may23113
may23114,may23114
may23115,may23115
may23116,may23116
may23117,may23117
may23118,may23118
may23119,may23119
may23120,may23120
may23121,may23121
may23122,may23122
may23123,may23123
may23124,may23124
may23125,may23125
may23126,may23126
may23127,may23127
may23128,may23128
may23129,may23129
may23130,may23130
may23131,may23131
may23132,may23132
may23133,may23133
may23134,may23134
may23135,may23135
may23136,may23136
may23137,may23137
may23138,may23138
may23139,may23139
may23140,may23140
may23141,may23141
may23142,may23142
may23143,may23143
may23144,may23144
may23145,may23145
may23146,may23146
may23147,may23147
may23148,may23148
may23149,may23149
may23150,may23150
may23151,may23151
may23152,may23152
may23153,may23153
may23154,may23154
may23155,may23155
may23156,may23156
may23157,may23157
may23158,may23158
may23159,may23159
may23160,may23160
may23161,may23161
may23162,may23162
may23163,may23163
may23164,may23164
may23165,may23165
may23166,may23166
may23167,may23167
may23168,may23168
may23169,may23169
may23170,may23170
may23171,may23171
may23172,may23172
may23173,may23173
may23174,may23174
may23175,may23175
may23176,may23176
may23177,may23177
may23178,may23178
may23179,may23179
may23180,may23180
may23181,may23181
may23182,may23182
may23183,may23183
may23184,may23184
may23185,may23185
may23186,may23186
may23187,may23187
may23188,may23188
may23189,may23189
may23190,may23190
may23191,may23191
may23192,may23192
may23193,may23193
may23194,may23194
may23195,may23195
may23196,may23196
may23197,may23197
may23198,may23198
may23199,may23199
may23200,may23200
may23201,may23201
may23202,may23202
may23203,may23203
may23204,may23204
may23205,may23205
may23206,may23206
may23207,may23207
may23208,may23208
may23209,may23209
may23210,may23210
may23211,may23211
may23212,may23212
may23213,may23213
may23214,may23214
may23215,may23215
may23216,may23216
may23217,may23217
may23218,may23218
may23219,may23219
may23220,may23220
may23221,may23221
may23222,may23222
may23223,may23223
may23224,may23224
may23225,may23225
may23226,may23226
may23227,may23227
may23228,may23228
may23229,may23229
may23230,may23230
may23231,may23231
may23232,may23232
may23233,may23233
may23234,may23234
may23235,may23235
may23236,may23236
may23237,may23237
may23238,may23238
may23239,may23239
may23240,may23240
may23241,may23241
may23242,may23242
may23243,may23243
may23244,may23244
may23245,may23245
may23246,may23246
may23247,may23247
may23248,may23248
may23249,may23249
may23250,may23250
may23251,may23251
may23252,may23252
may23253,may23253
may23254,may23254
may23255,may23255
may23256,may23256
may23257,may23257
may23258,may23258
may23259,may23259
may23260,may23260
may23261,may23261
may23262,may23262
may23263,may23263
may23264,may23264
may23265,may23265
may23266,may23266
may23267,may23267
may23268,may23268
may23269,may23269
may23270,may23270
may23271,may23271
may23272,may23272
may23273,may23273
may23274,may23274
may23275,may23275
may23276,may23276
may23277,may23277
may23278,may23278
may23279,may23279
may23280,may23280
may23281,may23281
may23282,may23282
may23283,may23283
may23284,may23284
may23285,may23285
may23286,may23286
may23287,may23287
may23288,may23288
may23289,may23289
may23290,may23290
may23291,may23291
may23292,may23292
may23293,may23293
may23294,may23294
may23295,may23295
may23296,may23296
may23297,may23297
may23298,may23298
may23299,may23299
may23300,may23300
may23301,may23301
may23302,may23302
may23303,may23303
may23304,may23304
may23305,may23305
may23306,may23306
may23307,may23307
may23308,may23308
may23309,may23309
may23310,may23310
may23311,may23311
may23312,may23312
may23313,may23313
may23314,may23314
may23315,may23315
may23316,may23316
may23317,may23317
may23318,may23318
may23319,may23319
may23320,may23320
may23321,may23321
may23322,may23322
may23323,may23323
may23324,may23324
may23325,may23325
may23326,may23326
may23327,may23327
may23328,may23328
may23329,may23329
may23330,may23330
may23331,may23331
may23332,may23332
may23333,may23333
may23334,may23334
may23335,may23335
may23336,may23336
may23337,may23337
may23338,may23338
may23339,may23339
may23340,may23340
may23341,may23341
may23342,may23342
may23343,may23343
may23344,may23344
may23345,may23345
may23346,may23346
may23347,may23347
may23348,may23348
may23349,may23349
may23350,may23350
may23351,may23351
may23352,may23352
may23353,may23353
may23354,may23354
may23355,may23355
may23356,may23356
may23357,may23357
may23358,may23358
may23359,may23359
may23360,may23360
may23361,may23361
may23362,may23362
may23363,may23363
may23364,may23364
may23365,may23365
may23366,may23366
may23367,may23367
may23368,may23368
may23369,may23369
may23370,may23370
may23371,may23371
may23372,may23372
may23373,may23373
may23374,may23374
may23375,may23375
may23376,may23376
may23377,may23377
may23378,may23378
may23379,may23379
may23380,may23380
may23381,may23381
may23382,may23382
may23383,may23383
may23384,may23384
may23385,may23385
may23386,may23386
may23387,may23387
may23388,may23388
may23389,may23389
may23390,may23390
may23391,may23391
may23392,may23392
may23393,may23393
may23394,may23394
may23395,may23395
may23396,may23396
may23397,may23397
may23398,may23398
may23399,may23399
may23400,may23400
may23401,may23401
may23402,may23402
may23403,may23403
may23404,may23404
may23405,may23405
may23406,may23406
may23407,may23407
may23408,may23408
may23409,may23409
may23410,may23410
may23411,may23411
may23412,may23412
may23413,may23413
may23414,may23414
may23415,may23415
may23416,may23416
may23417,may23417
may23418,may23418
may23419,may23419
may23420,may23420
may23421,may23421
may23422,may23422
may23423,may23423
may23424,may23424
may23425,may23425
may23426,may23426
may23427,may23427
may23428,may23428
may23429,may23429
may23430,may23430
may23431,may23431
may23432,may23432
may23433,may23433
may23434,may23434
may23435,may23435
may23436,may23436
may23437,may23437
may23438,may23438
may23439,may23439
may23440,may23440
may23441,may23441
may23442,may23442
may23443,may23443
may23444,may23444
may23445,may23445
may23446,may23446
may23447,may23447
may23448,may23448
may23449,may23449
may23450,may23450
may23451,may23451
may23452,may23452
may23453,may23453
may23454,may23454
may23455,may23455
may23456,may23456
may23457,may23457
may23458,may23458
may23459,may23459
may23460,may23460
may23461,may23461
may23462,may23462
may23463,may23463
may23464,may23464
may23465,may23465
may23466,may23466
may23467,may23467
may23468,may23468
may23469,may23469
may23470,may23470
may23471,may23471
may23472,may23472
may23473,may23473
may23474,may23474
may23475,may23475
may23476,may23476
may23477,may23477
may23478,may23478
may23479,may23479
may23480,may23480
may23481,may23481
may23482,may23482
may23483,may23483
may23484,may23484
may23485,may23485
may23486,may23486
may23487,may23487
may23488,may23488
may23489,may23489
may23490,may23490
may23491,may23491
may23492,may23492
may23493,may23493
may23494,may23494
may23495,may23495
may23496,may23496
may23497,may23497
may23498,may23498
may23499,may23499
may23500,may23500
